{"cameraMode":{"drawMode":0,"name":"Shaded","section":"Shading Mode"},"sceneLighting":true,"audioPlay":false,"sceneViewState":{"showFog":true,"showMaterialUpdate":true,"showSkybox":true,"showFlares":true,"showImageEffects":true,"showParticleSystems":true},"in2DMode":false,"pivot":{"x":18.637283325195314,"y":-11.918895721435547,"z":14.622703552246094},"rotation":{"x":-0.3071005046367645,"y":-0.09628435969352722,"z":0.03124810755252838,"w":-0.9462780952453613},"size":38.62696838378906,"orthographic":false}